Time,V_GS,V_th,I_D,
0,2.509712220868477,2,0.064951637,
0.01001001,2.2641604465986225,2,0.017445185,
0.02002002,2.257364278427409,2,0.016559093,
0.03003003,2.863354941300897,2,0.18634543866716882,
0.04004004,2.912516563222583,2,0.20817161953888855,
0.050050050050050046,2.8724933890627518,2,0.19031117848955156,
0.06006006,3.2204569888755055,2,0.37237881542376644,
0.07007007,3.023906629,2,0.26209619640453874,
0.08008008,3.194566918200054,2,0.3567475305144935,
0.09009009,3.3668569327398448,2,0.4670744686447441,
0.10010010010010009,3.013934389490207,2,0.25701573654771975,
0.11011011011011011,2.7695096803332966,2,0.14803628703166308,
0.12012012012012012,3.3871424636751013,2,0.4810410536326574,
0.13013013013013014,2.885884873184429,2,0.196198002,
0.14014014014014015,3.2040456604402574,2,0.3624314881062539,
0.15015015015015015,3.3206740865067244,2,0.4360450106925927,
0.16016016016016016,3.2419755740528817,2,0.3856258316359963,
0.17017017017017017,3.727174719557424,2,0.7457831279695666,
0.18018018018018017,3.188034349492757,2,0.35285640389366957,
0.19019019019019018,3.711027211718758,2,0.73190353,
0.20020020020020018,3.538392347326819,2,0.5916627535784299,
0.21021021021021022,3.8660157243039945,2,0.8705036708374403,
0.22022022022022023,3.2172766631856797,2,0.3704406186841157,
0.23023023023023023,3.3500614367334443,2,0.45566647073869293,
0.24024024024024024,3.829742802264533,2,0.8369896806097165,
0.2502502502502503,3.6516178201923544,2,0.6819603559942361,
0.2602602602602603,3.421652278085979,2,0.5052737999467635,
0.2702702702702703,3.688471538661071,2,0.7127340342171212,
0.2802802802802803,3.774066399742195,2,0.7868278976735582,
0.2902902902902903,3.7576778350739715,2,0.7723578429775808,
0.3003003003003003,3.9397373508256033,2,0.9406452475469824,
0.3103103103103103,3.9739873653200335,2,0.9741565296107818,
0.3203203203203203,3.9923394450977505,2,0.9923541161231031,
0.3303303303303303,3.9501606893876673,2,0.9507816786082455,
0.34034034034034033,3.825175079759733,2,0.8328160179439867,
0.35035035035035034,4.215805970020468,2,1.2274490241945868,
0.36036036036036034,4.348210643053372,2,1.378523306037283,
0.37037037037037035,4.530611713,2,1.6009989109771277,
0.38038038038038036,4.537210714564012,2,1.6093595525246065,
0.39039039039039036,3.7044392489596687,2,0.7262782883485499,
0.40040040040040037,4.0324269420699475,2,1.0326898187129494,
0.41041041041041043,4.635323196175872,2,1.736232087075653,
0.42042042042042044,4.146162633973585,2,1.151503512866109,
0.43043043043043044,4.524517187441001,2,1.5932967574212553,
0.44044044044044045,4.702679431203503,2,1.8261190269626226,
0.45045045045045046,4.085890774677452,2,1.0877350809711253,
0.46046046046046046,4.909957734324365,2,2.1169635038885484,
0.47047047047047047,4.828849721525193,2,2.000597686743291,
0.4804804804804805,4.38507617,2,1.422147083990123,
0.4904904904904905,4.532947838908469,2,1.603956188657771,
0.5005005005005005,4.725729081512488,2,1.8573997564507274,
0.5105105105105106,4.345859413,2,1.3757640965541285,
0.5205205205205206,4.7780698471935015,2,1.9294180189714312,
0.5305305305305306,4.865569189512045,2,2.0528716949701797,
0.5405405405405406,4.804359948698564,2,1.9661086804661532,
0.5505505505505506,4.891792342988037,2,2.090615739,
0.5605605605605606,4.499721222137837,2,1.5621515471015706,
0.5705705705705706,4.895075176213565,2,2.095365068982001,
0.5805805805805806,5.259566364880671,2,2.656193221765348,
0.5905905905905906,5.006929960349771,2,2.2604069466122687,
0.6006006006006006,5.120377727035845,2,2.434189289845347,
0.6106106106106106,5.007057568176246,2,2.2605988045815097,
0.6206206206206206,5.0972333914792936,2,2.3982136703235817,
0.6306306306306306,4.870347171948534,2,2.059723221878237,
0.6406406406406406,4.848596465413932,2,2.0286254556921866,
0.6506506506506506,5.1394944725654375,2,2.4641063858172334,
0.6606606606606606,5.047931146382537,2,2.322471068272192,
0.6706706706706707,4.686805651,2,1.8047311512172166,
0.6806806806806807,5.232309269420385,2,2.6119558032952366,
0.6906906906906907,5.266195083477557,2,2.6670075808332414,
0.7007007007007007,5.114145425019556,2,2.424475432042558,
0.7107107107107107,4.943741212627961,2,2.166403081731084,
0.7207207207207207,5.485612024,2,3.037372795504161,
0.7307307307307307,4.664693598702446,2,1.7751479937414476,
0.7407407407407407,5.002541610665763,2,2.253814030944839,
0.7507507507507507,5.153229443357844,2,2.485713980614705,
0.7607607607607607,5.0952170226926885,2,2.3950921043916478,
0.7707707707707707,4.849715365974828,2,2.030219416768262,
0.7807807807807807,5.238608425985474,2,2.622146134216027,
0.7907907907907907,5.277349642051879,2,2.6852551690643955,
0.8008008008008007,4.982311139305192,2,2.2235449329059587,
0.8108108108108109,4.952247053129149,2,2.178940665677436,
0.8208208208208209,4.817771411957872,2,1.9849589325117647,
0.8308308308308309,5.237657603868497,2,2.6206066899718743,
0.8408408408408409,4.689151870044546,2,1.8078844450410192,
0.8508508508508509,4.887157108715554,2,2.0839190426016896,
0.8608608608608609,4.822164417920368,2,1.991153000443953,
0.8708708708708709,5.145585174477973,2,2.473676522473905,
0.8808808808808809,4.860547070537256,2,2.045682386,
0.8908908908908909,4.792531188239534,2,1.9495576093226255,
0.9009009009009009,5.072912111084474,2,2.3606972106124093,
0.9109109109109109,4.9273415553102184,2,2.1423321453615123,
0.9209209209209209,4.545622161297857,2,1.6200480470226928,
0.9309309309309309,4.788839840467678,2,1.9444069139449458,
0.9409409409409409,4.823869171353381,2,1.993559274230007,
0.950950951,4.599554937976978,2,1.6894214688901228,
0.960960961,4.687700551011022,2,1.805933562976238,
0.970970971,4.954475785643628,2,2.182231791988633,
0.980980981,4.968307258613633,2,2.202711995384595,
0.990990991,4.744024404420986,2,1.8824174830144869,
1.001001001001001,4.624578215322047,2,1.7221027020857653,
1.011011011011011,4.661230427273018,2,1.770536846760932,
1.021021021021021,4.726248761394853,2,1.8581080772517424,
1.031031031031031,4.489211226223865,2,1.5490431321897289,
1.0410410410410411,4.822676509103797,2,1.9918756687615993,
1.0510510510510511,4.683640698551763,2,1.8004818497308481,
1.0610610610610611,4.075237985105353,2,1.0766531737060316,
1.0710710710710711,4.541277937,2,1.6145233880501606,
1.0810810810810811,4.9019142200877015,2,2.1052765351868032,
1.0910910910910911,4.5351357428199215,2,1.6067283086307789,
1.1011011011011012,4.213423580275394,2,1.2248109864297856,
1.1111111111111112,4.0171128397143505,2,1.0171860520351228,
1.1211211211211212,4.348310752732569,2,1.3786408478498515,
1.1311311311311312,4.121762191175014,2,1.1254686989749492,
1.1411411411411412,3.8505128127893062,2,0.8560994175743475,
1.1511511511511512,4.4710204465385255,2,1.5264855118028635,
1.1611611611611612,4.007156001344611,2,1.0071688034334219,
1.1711711711711712,3.9737232571838543,2,0.9738958739871107,
1.1811811811811812,3.7363236565839553,2,0.7537049601032693,
1.1911911911911912,3.904284817935121,2,0.9065751669545493,
1.2012012012012012,3.8742366789551443,2,0.8781907821852022,
1.2112112112112112,3.912682416525175,2,0.9145885066211458,
1.2212212212212212,3.387352398812007,2,0.48118666962235745,
1.2312312312312312,3.9679123967036753,2,0.9681698002750009,
1.2412412412412412,3.9917064365572053,2,0.9917236323558501,
1.2512512512512513,3.635210076105788,2,0.6684779982494744,
1.2612612612612613,4.218710414158913,2,1.2306689754743039,
1.2712712712712713,4.003887318785256,2,1.0038910965970902,
1.2812812812812813,3.7131276876643953,2,0.7337016185605895,
1.2912912912912913,3.1561105447091222,2,0.3341478978969058,
1.3013013013013013,3.3764327216464127,2,0.4736417593047378,
1.3113113113113113,3.658339485893784,2,0.687522463,
1.3213213213213213,3.756521086859741,2,0.7713415821457315,
1.3313313313313313,3.056363712929581,2,0.2789760734985925,
1.3413413413413413,3.2935675105276316,2,0.4183292260731636,
1.3513513513513513,3.279856703254372,2,0.4095082952162875,
1.3613613613613613,2.9145351964435755,2,0.2090936563835223,
1.3713713713713713,3.1202628986314855,2,0.31374724051255454,
1.3813813813813813,3.2519381275242862,2,0.391837269,
1.3913913913913913,3.1257251331898965,2,0.31681426887385256,
1.4014014014014013,2.9498345008456286,2,0.2255463947491661,
1.4114114114114114,2.907512477901365,2,0.20589472438666878,
1.4214214214214214,2.7996543014550697,2,0.15986175045889886,
1.4314314314314314,2.942424944320191,2,0.22204119391922872,
1.4414414414414414,2.794002980142735,2,0.15761018311888605,
1.4514514514514514,2.6471655307314923,2,0.10470580604174352,
1.4614614614614614,2.3948000402200464,2,0.038966767939437576,
1.4714714714714714,2.4807157360836065,2,0.057771904729600906,
1.4814814814814814,2.4997086743603836,2,0.06242719,
1.4914914914914914,2.287889023,2,0.020720022383025036,
1.5015015015015014,2.905850228762678,2,0.2051411592373491,
1.5115115115115114,2.497357722,2,0.061841176,
1.5215215215215214,2.245745131002379,2,0.015097667,
1.5315315315315314,2.3391785451869365,2,0.028760521378781677,
1.5415415415415414,2.3637826468783953,2,0.033084454,
1.5515515515515514,2.275432253,2,0.018965731558989115,
1.5615615615615615,2.3505625485851716,2,0.030723525,
1.5715715715715715,2.262329096612871,2,0.017204139,
1.5815815815815815,1.8014520052599783,2,0,
1.5915915915915915,1.9426433406222263,2,0,
1.6016016016016015,1.796257268668867,2,0,
1.6116116116116117,1.8456941723605378,2,0,
1.6216216216216217,1.7560665163492835,2,0,
1.6316316316316317,1.8027382398261598,2,0,
1.6416416416416417,1.2781716098738996,2,0,
1.6516516516516517,1.8716662095239482,2,0,
1.6616616616616617,1.7711409546249208,2,0,
1.6716716716716717,1.440959984533989,2,0,
1.6816816816816818,1.4705784908478317,2,0,
1.6916916916916918,1.758994537207518,2,0,
1.7017017017017018,1.3707311385963727,2,0,
1.7117117117117118,1.1911621200326792,2,0,
1.7217217217217218,1.727204412,2,0,
1.7317317317317318,1.4171194754221264,2,0,
1.7417417417417418,1.4850975191103115,2,0,
1.7517517517517518,1.249324693144371,2,0,
1.7617617617617618,1.0785862365017376,2,0,
1.7717717717717718,1.062177122559975,2,0,
1.7817817817817818,0.7577199860793873,2,0,
1.7917917917917918,1.2369463482433796,2,0,
1.8018018018018018,0.8463568262919514,2,0,
1.8118118118118118,0.8917352165860633,2,0,
1.8218218218218218,0.763572961,2,0,
1.8318318318318318,0.8421602929918819,2,0,
1.8418418418418419,1.1641274987796189,2,0,
1.8518518518518519,0.9995496853642251,2,0,
1.8618618618618619,0.7267899399131502,2,0,
1.8718718718718719,0.7934572001172077,2,0,
1.8818818818818819,0.5443986066177182,2,0,
1.8918918918918919,0.7544550310098317,2,0,
1.901901901901902,1.1685411860033375,2,0,
1.911911911911912,0.9162246371198043,2,0,
1.921921921921922,0.5402568141757177,2,0,
1.931931931931932,0.7953021773633527,2,0,
1.941941941941942,0.6422493318570027,2,0,
1.951951951951952,0.42271638397031425,2,0,
1.961961961961962,0.21389738653087628,2,0,
1.971971971971972,0.2560868532802326,2,0,
1.981981981981982,0.49914113680302025,2,0,
1.991991991991992,0.20525548744947186,2,0,
2.002002002002002,0.5346007030872175,2,0,
2.012012012012012,-0.157340926,2,0,
2.022022022022022,0.45838000925664113,2,0,
2.032032032032032,0.076088958,2,0,
2.042042042042042,0.43873515403710434,2,0,
2.052052052052052,0.086302644,2,0,
2.062062062062062,-0.171518554,2,0,
2.0720720720720722,0.14181918796290108,2,0,
2.0820820820820822,-0.225015203,2,0,
2.0920920920920922,-0.257877742,2,0,
2.1021021021021022,0.048327155720627776,2,0,
2.1121121121121122,0.1732692848534684,2,0,
2.1221221221221223,0.015760632838003164,2,0,
2.1321321321321323,-0.025037931,2,0,
2.1421421421421423,0.00781651,2,0,
2.1521521521521523,-0.048287264,2,0,
2.1621621621621623,-0.117340353,2,0,
2.1721721721721723,-0.102920581,2,0,
2.1821821821821823,-0.060988507,2,0,
2.1921921921921923,0.043557588,2,0,
2.2022022022022023,0.4227893241187891,2,0,
2.2122122122122123,-0.213718852,2,0,
2.2222222222222223,-0.338676348,2,0,
2.2322322322322323,0.1811843307013647,2,0,
2.2422422422422423,0.3851308400843934,2,0,
2.2522522522522523,0.024120645720621448,2,0,
2.2622622622622623,-0.27234426,2,0,
2.2722722722722724,0.082500547,2,0,
2.2822822822822824,0.079666925,2,0,
2.2922922922922924,-0.175402705,2,0,
2.3023023023023024,0.22915336438140765,2,0,
2.3123123123123124,-0.076231638,2,0,
2.3223223223223224,0.097127641,2,0,
2.3323323323323324,0.1703331502451138,2,0,
2.3423423423423424,0.097933885,2,0,
2.3523523523523524,0.058386429,2,0,
2.3623623623623624,0.13777028435874494,2,0,
2.3723723723723724,0.055670515342188746,2,0,
2.3823823823823824,0.043580910815482383,2,0,
2.3923923923923924,0.050880456,2,0,
2.4024024024024024,0.091084395,2,0,
2.4124124124124124,0.021194836732599073,2,0,
2.4224224224224224,0.4787681898673628,2,0,
2.4324324324324325,0.3105245440374802,2,0,
2.4424424424424425,0.071980934,2,0,
2.4524524524524525,0.2171316164885278,2,0,
2.4624624624624625,0.17916364469703638,2,0,
2.4724724724724725,0.4830324088582768,2,0,
2.4824824824824825,0.44264370471355585,2,0,
2.4924924924924925,0.3024854486428702,2,0,
2.5025025025025025,0.2581296481953335,2,0,
2.5125125125125125,0.3800087159173656,2,0,
2.5225225225225225,0.19287252426180362,2,0,
2.5325325325325325,0.3698157420022263,2,0,
2.5425425425425425,0.5088832863108056,2,0,
2.5525525525525525,0.6385042298159831,2,0,
2.5625625625625625,0.5976317475251512,2,0,
2.5725725725725725,0.40492181180527165,2,0,
2.5825825825825826,0.6266017891951263,2,0,
2.5925925925925926,0.6714150712322999,2,0,
2.6026026026026026,0.22973007551204816,2,0,
2.6126126126126126,0.46762992850654006,2,0,
2.6226226226226226,0.5508257667308298,2,0,
2.6326326326326326,0.6128084015615664,2,0,
2.6426426426426426,0.8438060338223928,2,0,
2.6526526526526526,0.586134615,2,0,
2.6626626626626626,0.8546332119063099,2,0,
2.6726726726726726,0.8034803926099156,2,0,
2.6826826826826826,0.6334249773345609,2,0,
2.6926926926926926,1.1744109866308676,2,0,
2.7027027027027026,1.114273907023094,2,0,
2.7127127127127126,1.0238005990675356,2,0,
2.7227227227227226,0.7170488425809818,2,0,
2.7327327327327327,1.4908119227892838,2,0,
2.7427427427427427,1.0797715973459685,2,0,
2.7527527527527527,0.9082646093994112,2,0,
2.7627627627627627,1.5358564360410503,2,0,
2.7727727727727727,1.4537108577931592,2,0,
2.7827827827827827,1.7531937308857728,2,0,
2.7927927927927927,1.4495279974701778,2,0,
2.8028028028028027,1.1679601383639642,2,0,
2.8128128128128127,1.5204056598344544,2,0,
2.8228228228228227,1.719038575,2,0,
2.8328328328328327,1.7665491624811263,2,0,
2.8428428428428427,1.5746148517338823,2,0,
2.8528528528528527,1.6924076400429013,2,0,
2.8628628628628627,2.106281928041393,2,0.002823962,
2.8728728728728727,1.9744176379611043,2,0,
2.8828828828828827,1.8255178458303258,2,0,
2.8928928928928928,2.127057959,2,0.004035931,
2.9029029029029028,2.095121281867936,2,0.002262015,
2.9129129129129128,2.239430149585922,2,0.014331699132684235,
2.9229229229229228,1.8865063710693413,2,0,
2.932932932932933,1.8464644187581865,2,0,
2.942942942942943,1.834624204948422,2,0,
2.952952952952953,2.543428362865423,2,0.073828596,
2.962962962962963,2.3630823566124866,2,0.032957199,
2.972972972972973,2.627526341406023,2,0.098447327,
2.982982982982983,2.1021180844584504,2,0.002607026,
2.992992992992993,2.6059541610247305,2,0.091795111,
3.003003003003003,2.4988777556647643,2,0.062219753774278075,
3.013013013013013,2.570458211128398,2,0.081355643,
3.023023023023023,2.8415562920814623,2,0.17705424818547488,
3.033033033033033,2.5080942458589046,2,0.064539941,
3.043043043043043,2.813247055141789,2,0.16534269317419797,
3.053053053053053,2.957430187,2,0.22916814057925552,
3.063063063063063,2.310296957163853,2,0.024071050406286536,
3.073073073073073,2.6050568041574746,2,0.091523434,
3.083083083083083,3.014916670334577,2,0.25751396193075615,
3.093093093093093,3.0538531200615813,2,0.27765159966588243,
3.103103103103103,3.0072621014344767,2,0.2536442352465495,
3.113113113113113,2.7102967307318138,2,0.12613036142207568,
3.123123123123123,3.3140267355280018,2,0.4316665654205943,
3.133133133133133,3.203148328143963,2,0.36189147487890344,
3.143143143143143,3.357499456147138,2,0.4607011933599439,
3.153153153153153,3.304933519811101,2,0.42571287278164727,
3.163163163163163,3.544879490559934,2,0.5966631600881802,
3.173173173173173,3.1732597620198972,2,0.34413461729374645,
3.183183183183183,3.2570421553526354,2,0.3950387450833998,
3.193193193193193,3.3390150672362955,2,0.4482403375714552,
3.203203203203203,3.4050811307967477,2,0.4935632460302668,
3.2132132132132134,3.152655050714534,2,0.3321534164844313,
3.2232232232232234,3.585507899500432,2,0.628458825,
3.2332332332332334,3.7281080701367726,2,0.7465893755179601,
3.2432432432432434,3.4674990758505557,2,0.5383883844055588,
3.2532532532532534,3.6354500518418984,2,0.668674218,
3.2632632632632634,3.9346525441450497,2,0.9357201166417284,
3.2732732732732734,3.8783685172650286,2,0.8820670716631055,
3.2832832832832834,3.812722777811093,2,0.8214909672987911,
3.2932932932932935,3.769094528539981,2,0.7824238627275245,
3.3033033033033035,3.693955725128925,2,0.7173714996742654,
3.3133133133133135,4.079605406697963,2,1.0811896618918502,
3.3233233233233235,3.8472838769456525,2,0.8531144305058402,
3.3333333333333335,4.051734952510305,2,1.052404078838116,
3.3433433433433435,4.404591524464461,2,1.4455150998815802,
3.3533533533533535,3.9175839396065135,2,0.9192820413592092,
3.3633633633633635,4.1812358243221315,2,1.189447430326562,
3.3733733733733735,4.267909088096597,2,1.2858529079677847,
3.3833833833833835,4.326288919346615,2,1.352905034,
3.3933933933933935,4.5303336469119735,2,1.6006470911737118,
3.4034034034034035,4.623794776739024,2,1.7210747576107468,
3.4134134134134135,4.113088639522761,2,1.1162858996200384,
3.4234234234234235,4.386360289016146,2,1.423678857248306,
3.4334334334334335,4.295748697873973,2,1.317615520947511,
3.4434434434434436,4.241732410317758,2,1.2563410498672665,
3.4534534534534536,4.312909744059338,2,1.3373878710411582,
3.4634634634634636,4.566589747323498,2,1.646845732766524,
3.4734734734734736,4.372826913476429,2,1.4075768903295187,
3.4834834834834836,4.855918869417057,2,2.0390681471731007,
3.4934934934934936,4.7346252258588875,2,1.8695437814759428,
3.5035035035035036,4.655704008,2,1.7631909441176783,
3.5135135135135136,4.466822312002964,2,1.5213030797489127,
3.5235235235235236,4.859808541653011,2,2.044626224,
3.5335335335335336,4.629121498792858,2,1.7280699638537012,
3.5435435435435436,5.170858936715831,2,2.5135865991376627,
3.5535535535535536,4.715975065787886,2,1.8441301394953773,
3.5635635635635636,5.107761413373565,2,2.414545250613414,
3.5735735735735736,5.3938174145937525,2,2.8794991608999556,
3.5835835835835836,4.686452191919303,2,1.8042563448670066,
3.5935935935935936,4.819697809488539,2,1.9876739342086163,
3.6036036036036037,4.912859337874423,2,2.121187380560555,
3.6136136136136137,5.151632668339996,2,2.4831971190369706,
3.6236236236236237,5.059762816122897,2,2.340537122732081,
3.6336336336336337,4.738962293287398,2,1.8754786110125403,
3.6436436436436437,5.0596845474977865,2,2.340417382549184,
3.6536536536536537,4.6537570310500085,2,1.760606594961839,
3.6636636636636637,4.987985558981864,2,2.232014425,
3.6736736736736737,5.067686015709637,2,2.3526743727451174,
3.6836836836836837,4.676961422337465,2,1.7915306141707559,
3.6936936936936937,5.1914097105235815,2,2.5462739851060525,
3.7037037037037037,4.703823351171499,2,1.8276651785850686,
3.7137137137137137,5.305915935762637,2,2.732270043582338,
3.7237237237237237,4.785966314034518,2,1.9404020757337692,
3.7337337337337337,4.718616774473961,2,1.8477192916128014,
3.7437437437437437,4.913146984802031,2,2.1216063387652917,
3.7537537537537538,5.028158339004603,2,2.2924357315207797,
3.7637637637637638,5.158607432231263,2,2.4942002277366435,
3.7737737737737738,5.5247868816957455,2,3.1060306403436044,
3.7837837837837838,4.851070093836791,2,2.0321501699926316,
3.793793793793794,4.9648261795174875,2,2.1975485686880654,
3.803803803803804,4.721289654304903,2,1.851354345656725,
3.813813813813814,5.041970029035073,2,2.313395414386911,
3.823823823823824,4.864502560623345,2,2.051343729954425,
3.833833833833834,5.1503788552645675,2,2.4812217329245216,
3.843843843843844,4.878952253264281,2,2.0720915191438696,
3.853853853853854,5.151584028,2,2.4831204713940243,
3.863863863863864,5.2180121108522295,2,2.5889004863979053,
3.873873873873874,4.741078796089321,2,1.8783782415926198,
3.883883883883884,5.036813699,2,2.3055593604006464,
3.893893893893894,4.759218585587212,2,1.903321800762474,
3.903903903903904,4.824733582638895,2,1.9947799532219912,
3.913913913913914,4.845064326195813,2,2.023597755048009,
3.923923923923924,5.007389394,2,2.2610977420328737,
3.933933933933934,5.027058247976949,2,2.2907704091613184,
3.943943943943944,4.910424272894583,2,2.1176423620634908,
3.953953953953954,4.849267938655255,2,2.0295819465621916,
3.963963963963964,5.099211175155865,2,2.401277477,
3.973973973973974,4.652706360806528,2,1.7592127591658533,
3.983983983983984,4.264309851314246,2,1.2817747756896853,
3.993993993993994,4.633962891876909,2,1.734440128946142,
4.004004004004004,4.412290935462641,2,1.454786889328806,
4.014014014014014,4.097682820912712,2,1.1000683042880781,
4.024024024024024,4.415748809869674,2,1.4589605780966868,
4.034034034034034,4.618107036106315,2,1.7136211131273478,
4.044044044044044,4.367001685935156,2,1.4006742453049676,
4.054054054054054,4.329340481884109,2,1.356456770136023,
4.064064064064064,4.103099082884549,2,1.105756438107458,
4.074074074074074,4.184119572405637,2,1.1925945766413453,
4.084084084084084,4.209406466926327,2,1.2203692340239691,
4.094094094094094,4.344362979467777,2,1.3740094448747586,
4.104104104104104,4.323601402892124,2,1.3497808698805618,
4.114114114114114,4.630804920836456,2,1.7302836328743283,
4.124124124124124,4.594126448838651,2,1.6823730081410573,
4.134134134134134,3.726752702065488,2,0.7454187235226158,
4.1441441441441444,4.083570426790256,2,1.0853164308487329,
4.1541541541541545,3.979281285011233,2,0.9793886012989296,
4.1641641641641645,4.047232955760706,2,1.0477906937881796,
4.1741741741741745,4.121784253393014,2,1.1254921044866375,
4.1841841841841845,3.979410771296879,2,0.9795167503815263,
4.1941941941941945,3.8993440179197396,2,0.9018769246018751,
4.2042042042042045,4.113532831987268,2,1.116755258,
4.2142142142142145,3.8162386115554696,2,0.824680674,
4.2242242242242245,3.926217669210457,2,0.9275786272946415,
4.2342342342342345,3.6844200984637956,2,0.7093177670271957,
4.2442442442442445,3.4497841498662494,2,0.5254685203008509,
4.2542542542542545,3.514823056132728,2,0.5736722228478245,
4.2642642642642645,3.8975830126334583,2,0.9002053224587679,
4.2742742742742745,3.754658528356826,2,0.7697066377838355,
4.2842842842842845,3.5115206418313805,2,0.5711736626705871,
4.2942942942942945,3.3773529300032816,2,0.4742752734471562,
4.3043043043043046,3.6570470068223937,2,0.6864511957047635,
4.314314314314315,3.482281495523919,2,0.5492896079931566,
4.324324324324325,3.503458205126714,2,0.5650966436407101,
4.334334334334335,3.385800901547404,2,0.4801110346823994,
4.344344344344345,3.365545524860658,2,0.4661786451167425,
4.354354354354355,3.2406574039010767,2,0.3848076984636398,
4.364364364364365,3.2445561787075015,2,0.3872300204897546,
4.374374374374375,3.294951789870732,2,0.4192250345223532,
4.384384384384385,2.8519067658297117,2,0.1814362844166098,
4.394394394394395,3.362702650447704,2,0.46423962838429916,
4.404404404404405,2.606170157001709,2,0.091860565,
4.414414414414415,3.0003003919345987,2,0.25015021852612795,
4.424424424424425,3.0933379412704505,2,0.29884696345537676,
4.434434434434435,2.827595295154793,2,0.1712284931405873,
4.444444444444445,2.6339990473143295,2,0.10048869799886936,
4.454454454454455,2.782292253019514,2,0.1529952922835869,
4.464464464464465,2.8106192410406683,2,0.16427588848633726,
4.474474474474475,2.4609614325201647,2,0.053121361,
4.484484484484485,2.781606714913951,2,0.15272726419964464,
4.494494494494495,2.2884417487838657,2,0.020799661,
4.504504504504505,3.023197001125885,2,0.261733026,
4.514514514514515,2.453604094824284,2,0.051439169,
4.524524524524525,2.105142782518977,2,0.002763751,
4.534534534534535,2.290705774257295,2,0.021127461796633364,
4.544544544544545,2.2845519977952606,2,0.020242459862318502,
4.554554554554555,2.4064791850887186,2,0.041306332,
4.564564564564565,2.3544203294089527,2,0.031403442474587644,
4.574574574574575,1.896999031374724,2,0,
4.584584584584585,1.930564000084767,2,0,
4.594594594594595,2.134366289644682,2,0.004513575,
4.604604604604605,1.6702233976662628,2,0,
4.614614614614615,1.8001891680344424,2,0,
4.624624624624625,1.666412472363478,2,0,
4.634634634634635,1.423211304271836,2,0,
4.644644644644645,1.360871459009026,2,0,
4.654654654654655,1.614605411813161,2,0,
4.664664664664665,1.6279951650500926,2,0,
4.674674674674675,1.5420567236567024,2,0,
4.684684684684685,1.3900668686109614,2,0,
4.694694694694695,1.7734085638812362,2,0,
4.704704704704705,1.3901787363860194,2,0,
4.714714714714715,1.0782055872429264,2,0,
4.724724724724725,1.585577205464145,2,0,
4.734734734734735,0.9889018630613173,2,0,
4.744744744744745,1.0673899357406982,2,0,
4.754754754754755,1.0532130181855932,2,0,
4.764764764764765,1.3726920853469133,2,0,
4.774774774774775,1.021867754403787,2,0,
4.784784784784785,0.7955274761472106,2,0,
4.794794794794795,1.0639985418166542,2,0,
4.804804804804805,0.9535894038666419,2,0,
4.814814814814815,0.7611177116745242,2,0,
4.824824824824825,0.9920176608564748,2,0,
4.834834834834835,0.9266238111075149,2,0,
4.844844844844845,1.0975709536639342,2,0,
4.854854854854855,0.888641402,2,0,
4.864864864864865,0.48599029175051833,2,0,
4.874874874874875,0.9747630008177888,2,0,
4.884884884884885,1.0720951634905882,2,0,
4.894894894894895,0.4016194214706002,2,0,
4.904904904904905,0.5952324403743057,2,0,
4.914914914914915,0.4689785346709953,2,0,
4.924924924924925,0.32708579564853435,2,0,
4.934934934934935,0.6520209267065173,2,0,
4.944944944944945,0.7630416571031147,2,0,
4.954954954954955,0.424877808,2,0,
4.964964964964965,0.5908958059807774,2,0,
4.974974974974975,0.3278584575659542,2,0,
4.984984984984985,0.49164440932681125,2,0,
4.994994994994995,0.688386998,2,0,
5.005005005005005,0.039298175,2,0,
5.015015015015015,0.079283008,2,0,
5.025025025025025,0.33773533972258324,2,0,
5.035035035035035,0.2048437298687404,2,0,
5.045045045045045,0.502041583,2,0,
5.055055055055055,0.3326803193057728,2,0,
5.065065065065065,-0.101134948,2,0,
5.075075075075075,-0.032165145,2,0,
5.085085085085085,0.46339633065378044,2,0,
5.095095095095095,0.24703258812400647,2,0,
5.105105105105105,0.021216979605667624,2,0,
5.115115115115115,0.1905949720268601,2,0,
5.125125125125125,0.23218848939691442,2,0,
5.135135135135135,-0.147761785,2,0,
5.145145145145145,0.1605096118182598,2,0,
5.155155155155155,0.18831834817991994,2,0,
5.165165165165165,-0.258935512,2,0,
5.175175175175175,0.082261793,2,0,
5.185185185185185,-0.088797329,2,0,
5.195195195195195,-0.062317566,2,0,
5.205205205205205,-0.044872063,2,0,
5.215215215215215,0.2216677433951431,2,0,
5.225225225225225,-0.444677902,2,0,
5.235235235235235,-0.175451066,2,0,
5.245245245245245,-0.161266273,2,0,
5.255255255255255,-0.135165313,2,0,
5.265265265265265,0.056781308,2,0,
5.275275275275275,-0.161801085,2,0,
5.285285285285285,0.152295324,2,0,
5.295295295295295,0.5073661072229272,2,0,
5.305305305305305,0.076092968,2,0,
5.315315315315315,0.00779967,2,0,
5.325325325325325,0.4032159249710552,2,0,
5.335335335335335,-0.136366606,2,0,
5.345345345345345,0.16270605134024888,2,0,
5.355355355355355,0.3112781995682836,2,0,
5.365365365365365,0.41905359138766973,2,0,
5.375375375375375,0.30932323214531066,2,0,
5.385385385385385,-0.017467474,2,0,
5.395395395395395,0.29016696882288184,2,0,
5.405405405405405,-0.301902842,2,0,
5.415415415415415,0.34035130268091435,2,0,
5.425425425425425,0.12435821643880983,2,0,
5.435435435435435,0.39092061806955847,2,0,
5.445445445445445,0.2162073157500142,2,0,
5.455455455455455,0.2764126007071519,2,0,
5.465465465465465,0.073987713,2,0,
5.475475475475475,0.088550714,2,0,
5.485485485485485,0.6015887932821742,2,0,
5.495495495495495,0.11140512990374452,2,0,
5.505505505505505,0.24179213778236458,2,0,
5.515515515515515,0.4741321418767047,2,0,
5.525525525525525,0.5941335726193608,2,0,
5.535535535535535,0.40219928531590643,2,0,
5.545545545545545,0.062695934,2,0,
5.555555555555555,0.7027778883994085,2,0,
5.565565565565565,0.82862512,2,0,
5.575575575575575,0.7147319970497747,2,0,
5.585585585585585,0.4857925927793547,2,0,
5.595595595595595,0.6411545322192002,2,0,
5.605605605605605,0.7731971060701123,2,0,
5.615615615615615,0.614698989,2,0,
5.625625625625625,0.9250708185527086,2,0,
5.635635635635635,0.7418163629846918,2,0,
5.645645645645645,0.9483748384170139,2,0,
5.655655655655655,0.7285342141025845,2,0,
5.665665665665665,0.721597053,2,0,
5.675675675675675,0.6168101488879245,2,0,
5.685685685685685,0.7754703277793084,2,0,
5.6956956956956954,0.9131975583973371,2,0,
5.7057057057057055,0.7123761911665294,2,0,
5.7157157157157155,1.062224740545025,2,0,
5.7257257257257255,1.2936684713178508,2,0,
5.7357357357357355,1.3260642573614059,2,0,
5.7457457457457455,1.2105582119698572,2,0,
5.7557557557557555,1.4259826823043376,2,0,
5.7657657657657655,1.7889298242161988,2,0,
5.7757757757757755,1.5264347564120833,2,0,
5.7857857857857855,1.397424291396171,2,0,
5.7957957957957955,1.5269550853174023,2,0,
5.8058058058058055,1.539513060151072,2,0,
5.8158158158158155,1.2424947822275483,2,0,
5.8258258258258255,1.8495311585918923,2,0,
5.8358358358358355,1.9428305363430622,2,0,
5.8458458458458455,1.7186425901024756,2,0,
5.8558558558558556,1.7749006270409267,2,0,
5.865865865865866,1.7799248077527774,2,0,
5.875875875875876,2.118333832031098,2,0.003500724,
5.885885885885886,2.0289880119377988,2,0.000210076,
5.895895895895896,1.8132602265155797,2,0,
5.905905905905906,1.8562001235069765,2,0,
5.915915915915916,1.7664402950230438,2,0,
5.925925925925926,2.646426361677981,2,0.10446676026805793,
5.935935935935936,2.4744228400864827,2,0.056269258,
5.945945945945946,2.279565936,2,0.019539278208669464,
5.955955955955956,2.184530155042197,2,0.008512845,
5.965965965965966,2.4872340953259227,2,0.059349266,
5.975975975975976,2.5817274179987555,2,0.084601697,
5.985985985985986,2.5625541045598417,2,0.07911678,
5.995995995995996,2.0237103792311233,2,0.000140546,
6.006006006006006,2.5117759285576637,2,0.06547865,
6.016016016016016,2.532305428272928,2,0.070837267,
6.026026026026026,3.0339336382206192,2,0.2672546920610316,
6.036036036036036,2.500288912174292,2,0.062572249,
6.046046046046046,2.7893080108020354,2,0.1557517839790665,
6.056056056056056,2.8760474233068103,2,0.1918647719706254,
6.066066066066066,3.003542185794083,2,0.2517742296670915,
6.076076076076076,3.0384364553755083,2,0.26958756796321254,
6.086086086086086,3.0830618402590284,2,0.2932557374563183,
6.096096096096096,3.3070887159040674,2,0.42712022781093595,
6.106106106106106,2.9982373940013343,2,0.24911947369564377,
6.116116116116116,2.987527278607607,2,0.24380253149853648,
6.126126126126126,2.823071387531132,2,0.1693616272431058,
6.136136136136136,3.237285339251911,2,0.3827187526819291,
6.146146146146146,3.130167242940052,2,0.31931949925367975,
6.156156156156156,3.114627764,2,0.3105987631223698,
6.166166166166166,3.299234076450897,2,0.4220022963528038,
6.176176176176176,3.517675014827368,2,0.5758343626578128,
6.186186186186186,3.6607997389122104,2,0.6895639431927166,
6.196196196196196,3.589188013248634,2,0.631379635,
6.206206206206206,3.5943828562375963,2,0.6355141730660889,
6.216216216216216,3.292567771886163,2,0.417682861,
6.226226226226226,3.7155284114549993,2,0.7357594326273283,
6.236236236236236,3.7300725456193735,2,0.7482877532764748,
6.246246246246246,3.8637391757168866,2,0.868380929,
6.256256256256256,4.025511723078627,2,1.025674435082237,
6.266266266266266,3.9865299870678226,2,0.9865753473799208,
6.276276276276276,3.3473987165045873,2,0.4538708253095523,
6.286286286286286,3.696007772568975,2,0.7191105911535939,
6.296296296296296,3.7873835245259673,2,0.7986849659367172,
6.306306306306306,4.142492507314554,2,1.1475685359747507,
6.316316316316316,3.9058484468132986,2,0.9080645755551656,
6.326326326326326,4.0475411250416755,2,1.0481061646842327,
6.336336336336336,4.167297431508948,2,1.1742945391563209,
6.346346346346346,4.203736975,2,1.2141141633297694,
6.356356356356356,3.9818780225251604,2,0.9819601240420601,
6.366366366366366,4.358752317126735,2,1.390928123387685,
6.376376376376376,3.784387159465848,2,0.7960093837166492,
6.386386386386386,4.760571806338422,2,1.905189174487645,
6.396396396396396,4.471687473309477,2,1.5273097414287469,
6.406406406406406,4.3925736917268035,2,1.4311022175858064,
6.416416416416417,4.426030486118766,2,1.4714059798944135,
6.426426426426427,4.399974946253617,2,1.439969935661263,
6.436436436436437,4.490183337149693,2,1.5502532631544954,
6.446446446446447,4.433376482516333,2,1.4803302764158899,
6.456456456456457,4.815817423587593,2,1.982206940744867,
6.466466466466467,4.586291161987201,2,1.672225493643276,
6.476476476476477,4.761914291660922,2,1.9070426386202133,
6.486486486486487,4.858287838546031,2,2.042452341995035,
6.496496496496497,5.118087340497039,2,2.4306171657419737,
6.506506506506507,4.709281109247653,2,1.8350510322315488,
6.516516516516517,4.909895686817908,2,2.116873227040366,
6.526526526526527,4.717941791924962,2,1.846801896073068,
6.536536536536537,4.815429637226059,2,1.9816610105427153,
6.546546546546547,4.381120676532721,2,1.4174339190529104,
6.556556556556557,4.874066341561189,2,2.0650643339237296,
6.566566566566567,5.030513051003079,2,2.296002338074998,
6.576576576576577,5.289580987590555,2,2.705335768479313,
6.586586586586587,5.528069214,2,3.1118180941080555,
6.596596596596597,4.953277399496413,2,2.1804618495940735,
6.606606606606607,4.683344468907011,2,1.8000843847034622,
6.616616616616617,4.883897720185387,2,2.079216515122618,
6.626626626626627,4.8678851233859985,2,2.056191270234681,
6.636636636636637,4.727346422551724,2,1.859604627151422,
6.646646646646647,5.047521115452841,2,2.3218462372827315,
6.656656656656657,4.922490690196873,2,2.1352379585718486,
6.666666666666667,5.237836472041666,2,2.6208962549208055,
6.676676676676677,4.857353545585228,2,2.041117321117119,
6.686686686686687,4.803091208856446,2,1.9643300812920732,
6.696696696696697,4.896397845361732,2,2.097280119654021,
6.706706706706707,4.994971598533162,2,2.2424637190050714,
6.716716716716717,4.904444768291061,2,2.1089498530133284,
6.726726726726727,5.041342567118118,2,2.312441152641156,
6.736736736736737,4.960695251181224,2,2.191429092591762,
6.746746746746747,4.70031058,2,1.822919307,
6.756756756756757,5.198825687611955,2,2.5581214449315244,
6.766766766766767,5.347252900427521,2,2.801025494855113,
6.776776776776777,5.162850183148207,2,2.5009053202601623,
6.786786786786787,4.817633212,2,1.9847642296271375,
6.796796796796797,5.169943051435158,2,2.5121347373355105,
6.806806806806807,5.170495079012463,2,2.513009761510561,
6.816816816816817,5.253742667336752,2,2.646710336,
6.826826826826827,4.811299872937388,2,1.9758517438944436,
6.836836836836837,4.716349293287577,2,1.8446383707859793,
6.846846846846847,4.973451585340242,2,2.2103535825905993,
6.856856856856857,5.136262653470298,2,2.4590358578881384,
6.866866866866867,4.8180741705089645,2,1.9853855076224471,
6.876876876876877,4.619121746951118,2,1.7149496813380687,
6.886886886886887,4.789310569943697,2,1.945063363899908,
6.896896896896897,5.010540255009527,2,2.265838156758207,
6.906906906906907,4.901648758402403,2,2.1048913792845516,
6.916916916916917,4.649320307670747,2,1.7547245231591553,
6.926926926926927,4.786310228903786,2,1.9408811729234672,
6.936936936936937,5.237739199627076,2,2.620738781200445,
6.946946946946947,4.715234216846107,2,1.843124213082973,
6.956956956956957,4.714745519781845,2,1.8424608092938997,
6.966966966966967,4.566912610409894,2,1.6472600873703336,
6.976976976976977,4.746179838653014,2,1.8853759265560739,
6.986986986986987,4.473945089018245,2,1.530101075869373,
6.996996996996997,4.378376651502717,2,1.4141688741033192,
7.007007007007007,4.7526829292656885,2,1.8943158272676828,
7.017017017017017,4.494523152576776,2,1.5556614396853945,
7.027027027027027,4.716033342652936,2,1.8442092796006198,
7.037037037037037,4.453430599957319,2,1.504830427201733,
7.047047047047047,4.435781832615136,2,1.4832582840244881,
7.057057057057057,4.343507429493469,2,1.3730067680227718,
7.067067067067067,4.471965176280777,2,1.5276529581862128,
7.077077077077077,4.524982422,2,1.5938840577175897,
7.087087087087087,4.620778384,2,1.7171198351274228,
7.097097097097097,4.426821181399725,2,1.472365261622589,
7.107107107107107,4.343145405783089,2,1.3725825981605988,
7.117117117117117,4.1711933700422374,2,1.178520162528842,
7.127127127127127,4.146871984212872,2,1.1522648291495285,
7.137137137137137,4.182191410791426,2,1.1904898383329687,
7.147147147147147,4.262580281928299,2,1.2798173830426856,
7.157157157157157,3.9976325220564353,2,0.9976339232943886,
7.167167167167167,3.919414105548808,2,0.9210376271449328,
7.177177177177177,3.7320628587461755,2,0.7500104366619935,
7.187187187187187,3.5853878580249114,2,0.6283636650932042,
7.197197197197197,4.024461332,2,1.0246109211888297,
7.207207207207207,4.336677061474284,2,1.3650149224050239,
7.217217217217217,3.740158192,2,0.7570376337305031,
7.227227227227227,3.7916690239342836,2,0.8025194728314071,
7.237237237237237,4.097969283769671,2,1.1003687789102565,
7.247247247247247,3.3610404885103025,2,0.4631078028410907,
7.257257257257257,3.5831990012560166,2,0.6266297693945122,
7.267267267267267,3.395989277762045,2,0.48719651590664903,
7.277277277277277,3.628440936189028,2,0.6629549706640495,
7.287287287287287,3.8238563216300214,2,0.8316129704874481,
7.297297297297297,3.4143664414338124,2,0.5001081076635365,
7.307307307307307,3.837588014272009,2,0.8441824275490364,
7.317317317317317,3.574089701275293,2,0.6194395969152351,
7.327327327327327,3.503187683,2,0.5648933024029301,
7.337337337337337,3.279365301345228,2,0.4091938935715416,
7.347347347347347,3.3610677282705796,2,0.4631263402349091,
7.357357357357357,3.3998085805468325,2,0.4898660155431345,
7.367367367367367,3.328100820905091,2,0.4409629476221942,
7.377377377377377,2.910634886997568,2,0.20731397435426827,
7.387387387387387,3.204643373933814,2,0.3627914145906607,
7.397397397397397,3.1221813271495167,2,0.31482273275076267,
7.407407407407407,3.098393762391853,2,0.30161721431533256,
7.4174174174174174,2.8454853207864397,2,0.1787113569163372,
7.4274274274274275,2.5826236209722166,2,0.084862571,
7.4374374374374375,2.8598307329398085,2,0.18482722232695206,
7.4474474474474475,2.6218882545413544,2,0.09668625,
7.4574574574574575,2.5406947855259086,2,0.073087713,
7.4674674674674675,2.614969539395843,2,0.094546884,
7.4774774774774775,2.5926670743373585,2,0.087813565,
7.4874874874874875,2.6096616390687877,2,0.092921829,
7.4974974974974975,2.6230925225471142,2,0.097061073,
7.5075075075075075,2.660928322322872,2,0.10920656181213159,
7.5175175175175175,2.400603205343061,2,0.040120732032783685,
7.5275275275275275,2.2271399324503425,2,0.012898137228386536,
7.5375375375375375,2.5258764615855402,2,0.069136513,
7.5475475475475475,2.3738797112411802,2,0.03494651,
7.5575575575575575,2.198019936990097,2,0.009802974,
7.5675675675675675,1.938552409637952,2,0,
7.5775775775775776,2.147360392071427,2,0.005428771,
7.587587587587588,2.370363370535405,2,0.034292256558586386,
7.597597597597598,2.0325872199159907,2,0.000265482,
7.607607607607608,1.8950359136699806,2,0,
7.617617617617618,1.8809920091210581,2,0,
7.627627627627628,1.939594,2,0,
7.637637637637638,1.6558709208066382,2,0,
7.647647647647648,1.803614382,2,0,
7.657657657657658,1.8841112558399449,2,0,
7.667667667667668,1.9989316105221284,2,0,
7.677677677677678,1.5245861778894678,2,0,
7.687687687687688,1.4863031891135248,2,0,
7.697697697697698,1.1539797984538658,2,0,
7.707707707707708,1.6715450515709451,2,0,
7.717717717717718,1.5975697540338225,2,0,
7.727727727727728,1.1167740948054168,2,0,
7.737737737737738,1.3205864528357365,2,0,
7.747747747747748,1.527119562,2,0,
7.757757757757758,1.5351114062253093,2,0,
7.767767767767768,1.2481189367391003,2,0,
7.777777777777778,1.091031885,2,0,
7.787787787787788,1.1066856448281572,2,0,
7.797797797797798,1.0054897443356048,2,0,
7.807807807807808,0.8144257832338476,2,0,
7.817817817817818,0.9855905397846827,2,0,
7.827827827827828,1.100902783240663,2,0,
7.837837837837838,0.9645021857064514,2,0,
7.847847847847848,1.120499857647196,2,0,
7.857857857857858,0.9969373906940819,2,0,
7.867867867867868,0.3707421303825196,2,0,
7.877877877877878,0.49077059323954075,2,0,
7.887887887887888,0.9335508778322055,2,0,
7.897897897897898,1.0037335822860811,2,0,
7.907907907907908,0.4972905197032825,2,0,
7.917917917917918,0.1354843153584968,2,0,
7.927927927927928,0.3281448787009843,2,0,
7.937937937937938,0.7996308733466366,2,0,
7.947947947947948,0.23296870761156724,2,0,
7.957957957957958,0.5105947990634149,2,0,
7.967967967967968,-0.052217914,2,0,
7.977977977977978,0.4502774277019307,2,0,
7.987987987987988,0.2498252248929682,2,0,
7.997997997997998,0.5413494407269877,2,0,
8.008008008008009,-0.020230854,2,0,
8.018018018018019,0.28736321,2,0,
8.028028028028029,0.23936322308084557,2,0,
8.038038038038039,0.1570063959467196,2,0,
8.048048048048049,-0.08077222,2,0,
8.058058058058059,0.391791982,2,0,
8.068068068068069,0.2374055315682996,2,0,
8.078078078078079,0.1624568137208413,2,0,
8.088088088088089,0.003158183,2,0,
8.098098098098099,0.22657480485127174,2,0,
8.108108108108109,0.6700837286711584,2,0,
8.118118118118119,0.28558902161203525,2,0,
8.128128128128129,0.2195073672593203,2,0,
8.138138138138139,-0.146876378,2,0,
8.148148148148149,-0.107649552,2,0,
8.158158158158159,-0.039082978,2,0,
8.168168168168169,0.12457737670679873,2,0,
8.178178178178179,-0.18094086,2,0,
8.188188188188189,-0.151165467,2,0,
8.198198198198199,-0.003473613,2,0,
8.208208208208209,-0.018313287,2,0,
8.218218218218219,0.036852991,2,0,
8.228228228228229,-0.183132428,2,0,
8.238238238238239,-0.474137788,2,0,
8.248248248248249,0.008106217,2,0,
8.258258258258259,-0.158619878,2,0,
8.268268268268269,-0.068618068,2,0,
8.278278278278279,-0.084478059,2,0,
8.288288288288289,-0.093534358,2,0,
8.298298298298299,0.08791619,2,0,
8.308308308308309,-0.266511134,2,0,
8.318318318318319,-0.055067298,2,0,
8.328328328328329,0.034973663339381206,2,0,
8.338338338338339,-0.41611103,2,0,
8.348348348348349,-0.110510922,2,0,
8.358358358358359,0.15247297132853616,2,0,
8.368368368368369,0.096007304,2,0,
8.378378378378379,0.016005520402182574,2,0,
8.388388388388389,0.33520647005779514,2,0,
8.398398398398399,-0.0175736,2,0,
8.408408408408409,0.10259867069515799,2,0,
8.418418418418419,0.21267270864548013,2,0,
8.428428428428429,0.19983948732953105,2,0,
8.438438438438439,-0.002454292,2,0,
8.448448448448449,0.573752493,2,0,
8.458458458458459,-0.165380374,2,0,
8.468468468468469,0.4272577746674986,2,0,
8.478478478478479,0.3620622851578722,2,0,
8.488488488488489,0.16909621858350843,2,0,
8.498498498498499,0.449346788,2,0,
8.508508508508509,0.5415201602965007,2,0,
8.518518518518519,0.46246133748555596,2,0,
8.528528528528529,0.4007128700590991,2,0,
8.538538538538539,0.4081261254191667,2,0,
8.548548548548549,0.5537555648851011,2,0,
8.558558558558559,0.6134813583062629,2,0,
8.568568568568569,0.317838097,2,0,
8.578578578578579,0.6178964452272026,2,0,
8.588588588588589,0.20502375247676313,2,0,
8.598598598598599,0.7690884721778576,2,0,
8.608608608608609,1.2008286623288598,2,0,
8.618618618618619,0.23579117470700273,2,0,
8.628628629,0.4863220914175477,2,0,
8.638638639,1.0796186346157945,2,0,
8.648648649,1.095184941386783,2,0,
8.658658659,1.005063440736233,2,0,
8.668668669,0.6229108260875171,2,0,
8.678678679,0.7357015050091956,2,0,
8.688688689,0.9783372602011053,2,0,
8.698698699,0.6780551264964629,2,0,
8.708708709,0.9508865082452609,2,0,
8.718718719,1.0814187735390453,2,0,
8.728728729,0.7799504288740953,2,0,
8.738738739,0.8926609744032687,2,0,
8.748748749,1.2364570152830345,2,0,
8.758758759,1.3871603989398475,2,0,
8.768768769,1.3551653152866163,2,0,
8.778778779,1.4254536694822837,2,0,
8.788788789,1.2563078524018816,2,0,
8.798798799,1.3481864153923229,2,0,
8.808808809,1.5493737941119372,2,0,
8.818818819,1.8538258697114123,2,0,
8.828828829,1.4211004372243545,2,0,
8.838838839,1.6861028277513768,2,0,
8.848848849,1.774540929568822,2,0,
8.858858859,2.0168124640876894,2,7.066473717496177e-05,
8.868868869,1.6496349459967075,2,0,
8.878878879,1.8674957746516188,2,0,
8.888888889,1.8575997992000046,2,0,
8.898898899,1.7407777701215172,2,0,
8.908908909,2.227394914761252,2,0.012927112,
8.918918919,2.2214752878964616,2,0.012262825787205143,
8.928928929,2.3381871462917854,2,0.028592636,
8.938938939,2.339279871009548,2,0.028777707718063872,
8.948948949,1.574135568690476,2,0,
8.958958959,1.8290340934969098,2,0,
8.968968969,2.265232531,2,0.017587073878585328,
8.978978979,2.500902416489361,2,0.062725808,
8.988988989,2.3875701201421267,2,0.037552649506745625,
8.998998999,2.5642791498923585,2,0.07960274,
9.009009009,2.877860951,2,0.19265996231536991,
9.019019019,2.518172772376741,2,0.067125756,
9.029029029,2.616648727849919,2,0.095063913,
9.039039039,2.9116744143856668,2,0.2077875594613621,
9.049049049,3.0708888864084525,2,0.28670075175828386,
9.059059059,2.7284296546724187,2,0.13265244045154478,
9.069069069,3.3806962890846513,2,0.47658056067303173,
9.079079079,2.9480887246324365,2,0.22471805744379003,
9.089089089,2.6887502693784606,2,0.11859423339222552,
9.099099099,3.1099249036702163,2,0.3079833229468348,
9.109109109,3.038943551130701,2,0.2698509256090178,
9.119119119,3.121902073163535,2,0.3146660654421596,
9.129129129,2.988863577843071,2,0.24446279389614983,
9.139139139,2.813283816837015,2,0.1653576416822459,
9.149149149,3.129272562,2,0.3188141298879121,
9.159159159,3.0229257270085257,2,0.2615942607439802,
9.169169169,3.328029788007282,2,0.4409157794586666,
9.179179179,3.004823050717621,2,0.2524173408133666,
9.189189189,3.331761838562628,2,0.4433973986629278,
9.199199199,3.4161193938102516,2,0.5013485343813786,
9.209209209,3.371781876351758,2,0.4704463790717876,
9.219219219,3.532727949006288,2,0.5873137414162557,
9.229229229,3.577652960179019,2,0.6222472156904053,
9.239239239,3.832288401,2,0.8393201959801679,
9.249249249,3.988886337884201,2,0.988917216,
9.259259259,3.703781366223944,2,0.7257177359729822,
9.269269269,4.069395936371341,2,1.0705998853675542,
9.279279279,4.210118738416382,2,1.2211562094748047,
9.289289289,3.9679925842191426,2,0.9682487028853848,
9.299299299,3.803780577952254,2,0.813406093,
9.309309309,3.8141364681381265,2,0.8227727812571689,
9.319319319,4.0737356564196325,2,1.0750948931765412,
9.329329329,4.078924466416071,2,1.0804817342658362,
9.339339339,4.132405323390909,2,1.1367881158064719,
9.349349349,4.371502718250264,2,1.4060062856670978,
9.359359359,4.264469735,2,1.2819557947584834,
9.369369369,4.372704097642819,2,1.4074311837427558,
9.379379379,4.322389048524062,2,1.3483727231761249,
9.389389389,4.015035428181287,2,1.0150919442064357,
9.399399399,4.059586563599513,2,1.0604742032399128,
9.409409409,4.047451195034412,2,1.0480140990119609,
9.419419419,4.539533289270677,2,1.6123073318284864,
9.429429429,4.832882435382011,2,2.0063057231739783,
9.439439439,4.4063227094346935,2,1.447597245485281,
9.449449449,4.6682801198878225,2,1.7799296995471432,
9.459459459,4.752515758294812,2,1.8940857499153154,
9.469469469,4.704633473321663,2,1.8287605562530007,
9.479479479,4.670834232049828,2,1.783338873772299,
9.489489489,4.524233991067045,2,1.5929393104145657,
9.499499499,4.5191246165758665,2,1.5864972084596267,
9.50950951,4.518714547140558,2,1.5859807424943664,
9.51951952,4.288809411430256,2,1.3096621304629283,
9.52952953,4.777469086,2,1.9285836306689328,
9.53953954,4.998996789868306,2,2.248495436410101,
9.54954955,4.499132093914201,2,1.561415305707995,
9.55955956,4.827258886652291,2,1.9983482030385877,
9.56956957,4.653642755147739,2,1.7604549679870203,
9.57957958,4.7636623047686255,2,1.9094573336997578,
9.58958959,4.834002326126117,2,2.0078922961220607,
9.5995996,4.836020217,2,2.0107526685028794,
9.60960961,4.725043974,2,1.8564661656848618,
9.61961962,4.823860443,2,1.9935469499744356,
9.62962963,4.898045641421569,2,2.0996671349406384,
9.63963964,4.8563373373818495,2,2.0396657462304084,
9.64964965,5.033454075213253,2,2.300460906606973,
9.65965966,4.925247374516585,2,2.1392680505290427,
9.66966967,4.947901241651091,2,2.172530432632011,
9.67967968,5.079904570128377,2,2.371453040274416,
9.68968969,4.927380746600771,2,2.142389508892222,
9.6996997,5.302360228,2,2.726395768327631,
9.70970971,4.771779938295719,2,1.9206910065846547,
9.71971972,5.079395264171676,2,2.3706687982507373,
9.72972973,5.2824619274898525,2,2.6936390763550997,
9.73973974,4.672611327150409,2,1.7857128265031674,
9.74974975,5.241862307421045,2,2.627417805069326,
9.75975976,4.882862289651355,2,2.0777237452734627,
9.76976977,5.282364102792932,2,2.693478525825912,
9.77977978,5.291852888735739,2,2.709073860269457,
9.78978979,5.205185452036566,2,2.568303445486711,
9.7997998,5.130318449423851,2,2.4497233987008356,
9.80980981,5.228728363691358,2,2.606171711626269,
9.81981982,4.901674688122032,2,2.104928998922023,
9.82982983,5.382765362617026,2,2.860775374630375,
9.83983984,4.898829610215172,2,2.100803277265061,
9.84984985,4.905537340629661,2,2.110536809448321,
9.85985986,4.982175752891979,2,2.223343055,
9.86986987,4.977734371606258,2,2.2167254969613284,
9.87987988,4.937193044304604,2,2.1567757448778373,
9.88988989,5.002421096988338,2,2.253633110910164,
9.8998999,4.851320052719707,2,2.032506510760378,
9.90990991,4.720454487,2,1.8502181536435323,
9.91991992,4.968173003871477,2,2.2025127452278563,
9.92992993,4.781620403899136,2,1.9343530178469976,
9.93993994,4.749270231,2,1.8896217007517733,
9.94994995,4.915158132236845,2,2.124536733986653,
9.95995996,4.967160704864306,2,2.201010662122712,
9.96996997,4.769112900000387,2,1.9169965632371382,
9.97997998,4.673922830829655,2,1.787465826308019,
9.98998999,4.782831234693139,2,1.9360374201959356,
10,4.982548934438465,2,2.2238995365800056,
